company_name,website_url,source
10X Property Management,https://dreamlivinghomes.com,email-auto
1836 property management,https://1836propertymanagement.com,email-auto
1st Cavalry Homes Real Estate & Property Management,https://1stcavalryhomes.com,email-auto
1st Choice Property Management,https://www.fortworthpropertymanagement.com,email-auto
206 Property Management,https://www.206pm.com,email-auto
21st Century Property Management,https://21stcenturypm.com,email-auto
247 Property Management,https://247propertymanagement.com,verified-search
2B Living,https://www.twobliving.com,email-domain
360 Management,https://360managementservices.com/,verified-search
3G Properties Group,https://www.3gpropertiesgroup.com,email-auto
402 For Rent,https://402forrent.com,email-auto
A Step Ahead Management,https://www.astephome.com,email-auto
A Superior Property Management,https://www.rentaroundbend.com,email-auto
A2Z Properties,https://www.a2zrepm.com,email-domain
ABC Property Management,https://www.abc-manager.com,email-auto
"Action Properties, Inc.",https://www.actionproperties.com,email-domain
All County Colorado Springs,https://www.allcountyprop.com/locations/colorado/colorado-springs,email-auto
All East Bay Properties,https://alleastbayproperties.com,email-auto
Allstar Management,https://www.rentfromallstar.com,email-auto
AllView Real Estate,https://allviewrealestate.com,email-domain
Aloha Property Management,https://www.alohapros.com,email-auto
Alpine LA Properties,https://www.alpinelaproperties.com,email-auto
Alpine Property Management & Maintenance,https://alpinepdx.com,email-auto
America's Rental Managers,https://www.armrents.com,email-auto
American West Realty and Management,https://www.americanwestrealty.com,email-auto
Ameritrue Real Estate & Management,https://ameritrue.com,email-auto
AMP Capital City Group,https://www.ampcapitalcitygroup.realestate,verified-search
Anita I Hale | Property Management,https://anitaihale.georgiamls.com/real-estate/current-listings,email-auto
Annapolis Property Services,https://www.annapolispropertyservices.com,email-domain
Arbella Properties INC,https://arbellatn.com,email-auto
Ark Property Management,https://www.arkmanagementpa.com,email-auto
Ascend Real Estate & Property Management,https://www.ascendbakersfield.com,email-domain
Asset Management Group DBA HelloResi,https://www.helloresi.com,email-auto
Athens Property Management,https://www.athensrealtyplus.com,email-auto
"Athens Property Management, LLC",https://www.athensrealtyplus.com,email-domain
Atlas Real Estate,https://realatlas.com,email-domain
Auben Realty,https://www.aubenrealty.com,email-domain
Augusta Rental Homes,https://www.augustarentalhomes.net,email-auto
Authority Property Management,https://www.authoritypm.com,email-domain
Avalon Property Management,https://www.mydreamhome.com,email-auto
Avalon Realty & Oaktree Management,https://www.lasvegas-propertymanagement.com,email-auto
AXIS Property Management,https://www.axisre.net,email-auto
Axon Property Management,https://www.axonproperties.ca,verified-search
B2B Realty Property Management,https://www.b2brealty.com,email-auto
Bailey-Foristell Inc.,https://www.baileyforistell.com,email-domain
Baron Management Group,https://www.barring.com,email-auto
Beach Rental Group,https://www.beachrentalgroup.com,email-domain
"Benoit Management, LLC",https://www.benoitmanagement.com,email-auto
BHJ Property Management,https://www.century21bhj.com/property-management,verified-search
Bickerstaff Parham,https://www.bickerstaffparham.com,email-auto
Big Skye Properties,https://www.bigskye.properties,verified-search
Black Pine Property Management,https://blackpinepm.com,verified-search
Block and Associates Realty,https://www.blockrealty.com,email-domain
Blue Anchor Property Management,https://www.blueanchorpm.rent,email-domain
Blue Door Living,https://www.bluedoorliving.org,email-auto
"Blue Door Living, LLC",https://www.bluedoorliving.org,email-domain
Bluefax Property Management,https://www.bluefaxpm.com,email-auto
Blueprint Property Management,https://blueprintmgmt.net,email-domain
BlueSky Property Management,https://www.blueskypm.com,email-domain
Braden Property Management,https://www.bradenproperty.com,email-auto
Brandywine Homes USA,https://www.brandywinehomesusa.com,email-auto
Brandywine Homes USA LLC,https://www.brandywinehomesusa.com,email-auto
Bridgestream Property Management,https://www.bridgestreampropertymanagement.com,user-provided
Brown Property Group,https://www.brownrealestatenc.com,email-domain
Brun Property Management,https://brunpm.com,email-auto
Brun Property Management LLC,https://brunpm.com,email-domain
Bullseye Property Management,https://www.bullseyeaz.com,email-domain
C & H Property Rentals,https://www.candhpropertyrentals.com,email-domain
"Cal-Prop Management, Inc",https://www.cal-prop.com,verified-search
Capitol Square Management,https://capitolsquaremanagement.com,email-domain
Capstone Realty Professionals,https://capstonerealtypros.com,email-domain
CapVest,https://www.capvestpartner.com,email-auto
"CapVest, LLC",https://www.capvestpartner.com,email-domain
Cascade Management and Real Estate Services,https://cascademanagement.us,email-auto
Centurion Real Estate Management,https://www.c-rem.com,email-domain
CENTURY 21 Judge Fite Property Management,https://century21judgefite.com,email-auto
Chambers Theory,https://www.chamberstheory.com,email-auto
Choice Properties LLC,https://www.irentforyoucharlotte.com,verified-search
Christy Living,https://www.christyliving.com,email-auto
CloverLeaf Property Management,https://cloverleafpropertymanagement.com,email-auto
Coastal Realty Services,https://coastalrealtyservices.com,email-auto
Cobalt Property Management,https://cobaltmanagers.com,email-auto
Cobalt Property Services,https://cobaltatl.com,email-domain
Colorado Realty and Property Management,https://www.coloradorpm.com,email-domain
Commercial Northwest,https://commercialnw.com,email-domain
Concept 360 Property Management,https://concept360propertymanagement.com,email-domain
Copper Key Realty and Management,https://www.clarksvilleproperty.management,verified-search
Core Property Management Realty,https://www.corepmrealty.com,email-domain
Cornerstone Real Estate Team,https://www.callcornerstone.com,email-auto
Coyote Property Management,https://www.coyotepmc.com,email-domain
CPManagement,https://www.cpmanagement.com,email-auto
CPManagement LLC,https://www.cpmanagement.com,email-auto
Crest Property Management,https://www.crestcapmgmt.com,email-auto
CRM Properties,https://www.crmproperties.net,email-domain
Darwin Homes,https://www.darwinhomes.com/,user-provided
Defined Property Management,https://www.definedmgmt.com,email-auto
Del Val Realty & Property Management,https://www.rowcal.com,email-auto
DeSantis Property Management,https://www.desantispm.com,email-domain
Desert Realty,https://desertrealtylv.com,email-auto
DKRentals.net,https://www.dkrentals.net,email-domain
DMG Real Estate Services,https://www.dmgrealestate.com,email-auto
Domain Property Management,https://www.domainpm.com,email-auto
Double H Property Management,https://doublehproperties.com,email-auto
Double H Property Management LLC,https://doublehproperties.com,email-auto
DS Huber Real Estate Group,https://www.dshubergroup.com,email-auto
Eaton Realty,https://www.eatonrealty.com,email-auto
Ebby Halliday Real Estate,https://www.ebby.com,email-auto
EBMG,https://ebmg.com,email-auto
EJF Rental Services,https://www.ejfrealestate.com,email-domain
Elevate Property Management,https://elevate-prop.com,verified-search
EquityTeam,https://www.equityteam.com,email-auto
Evernest,https://www.evernest.co,email-auto
Evolve Property Management Group,https://www.evolvepropertymgt.com,email-auto
Factor Property Management,https://www.factor.realestate,email-domain
Falcon Property Company,https://www.falconco.com,email-auto
Firemark Property Management,https://www.firemarkproperties.com,email-auto
First Rate Property Management,https://www.boiseproperty.management,email-domain
Fortified Dreams Property Solutions,https://www.4thdps.com,email-auto
Four points property management,https://www.fourpointspm.net,email-domain
"Four Seasons Property Management, Inc.",https://www.fourseasonscharlotte.com,email-domain
Foursquare Property Management,https://foursquarenc.com,email-auto
Fox Group Properties,https://www.foxgroupproperties.com,email-domain
Fox Property Management,https://www.foxpropertymgmt.com,email-auto
Freedom Path Property Management,https://www.freedompathpropertymanagement.com,email-auto
Freedom Property Advantage,https://www.freedompropertyadvantage.com,email-auto
Fuze Real Estate,https://www.fuzere.com,email-auto
Galaxy Strategy Inc.,https://galaxypminc.com,email-domain
"Gateway Management Services, L.L.C.",https://gwaffordable.com,email-auto
Gavish Real Estate & Property Managment,https://gavishrealestate.com,email-auto
GC Realty & Development,https://www.gcrealtyinc.com,email-auto
"GEM Realty Group, LLC",https://www.gemrealty.co,email-auto
Gold Key Solutions,https://www.goldkeysolutions.com,email-auto
Gold Key Solutions LLC,https://www.goldkeysolutions.com,email-auto
GoldenWest Management,https://www.goldenwestmanagement.com,email-auto
Good Life Property Management,https://www.goodlifemgmt.com,email-domain
Grace Property Management & Real Estate,https://www.rentgrace.com,email-auto
Grandmark Property Management,https://grandmark.management,email-domain
Granite management,https://livegranite.com,email-domain
Green Residential,https://www.greenresidential.com,email-domain
Grove,https://www.gogrove.com,email-domain
Haggerty Company Property Managment,https://www.haggertycompany.com/this-site-is-coming-soon?return=Lw==,email-auto
"Hampton. & Hampton Management & Leasing, Inc",https://www.hamptonandhampton.com,email-domain
Happy Homes Property Manager,https://happyhomespm.com,email-domain
Harrisburg Property Management Group,https://www.564rent.com,email-auto
Hawaii Coastal Property Management,https://hicoastal.com,email-auto
Hearthside Rentals,https://www.hearthsidemanagement.com,email-auto
"HEARTHSIDE RENTALS, LLC",https://www.hearthsidemanagement.com,email-auto
Heirloom property management,https://rentwithheirloom.com,email-auto
Henderson Properites,https://www.hendersonproperties.com,email-domain
"HighPoint Real Estate, Inc.",https://www.highpointcre.com,email-auto
His House Property Management,https://www.hishousepm.com,email-domain
"Hive Real Estate Group & Property Management, Las Vegas",https://www.hiverealestatelasvegas.com,verified-search
Holland Properties Inc.,https://www.hollandprop.com,email-auto
Home Forward,https://www.home-forward.com,email-domain
Home Ladder,https://homeladder.com,email-domain
Home365,https://www.home365.co,email-domain
HomeServices Property Management,https://www.homeservicespm.com,verified-search
Honest Property Management,https://honest.pm,email-auto
Horizon Realty & Management,https://www.horizonrealtymgmt.com,email-auto
II & III Property Management,https://www.iiandiii.com,email-domain
Innovative Property Solutions,https://www.innovativepropertysolutionsnc.com,email-auto
Innovative Realty,https://innovativerealtyfl.com,email-auto
"Innovative Realty, LLC",https://innovativerealtyfl.com,email-auto
Integrity 1st Properties,https://www.integrity1stproperties.com,email-auto
Integrity Property Management,https://www.integritypmlv.com,verified-search
Invest Idaho Management,https://www.investidahomgmt.com,email-domain
Invested Property Management,https://investedpm.com,email-auto
Iron Point Property Management,https://www.ironpointpm.com,email-auto
Ironclad Property Management,https://ironcladpm.com,email-domain
J R Grace Realty,https://jrgrace.com,email-domain
"Jim McNeeley Real Estate & Property Management, Inc.",https://www.mcneeley.com,email-auto
JMAX Property Management,https://jmaxpropertymanagement.com,email-domain
Johnson Property Management,https://jpmidaho.com,email-auto
"Johnson Property Management, LLC",https://jpmidaho.com,email-auto
JWB,https://www.jwbrealestatecapital.com,email-domain
Kader Property Management,https://www.kaderproperties.com,email-domain
Keasy,https://www.keasy.ai,email-auto
KEILTY Realty Management,https://www.keilty.com,email-domain
Key Home Management,https://www.keyhm.com,email-auto
Key Property Solutions,https://keypropertysolutions.com,verified-search
Keyrenter Austin,https://keyrenteraustin.com,email-domain
Keyrenter Boise Property Management,https://keyrenterboise.com,email-auto
Keyrenter BuxMont,https://www.keyrenterbuxmont.com,email-domain
Keyrenter Property Management Denver,https://keyrenterdenver.com,email-domain
Keyrenter Richmond Property Management,https://keyrenterrichmond.com,email-auto
Keyrenter West Seattle,https://www.keyrenterwestseattle.com,email-domain
Kleinman Property Management,https://www.kleinmanpropertymanagement.com,email-domain
KMB Property Management,https://kmbmanagement.com,email-auto
KNJ Real Estate,https://www.knjrealestate.com,email-auto
Kula Property Management,https://www.kulapm.com,email-domain
Lake Michigan Property Management,https://lmpmc.com,email-domain
Landmark Property Management,https://www.chicagospropertymanagement.com,email-auto
Landmark Real Estate Management,https://www.visitlandmark.com,email-auto
Landmark Real Estate Management LLC,https://www.visitlandmark.com,email-domain
Lease Las Vegas Property Management Powered by Keller Williams TheMarketplace,https://www.llvpm.com,email-auto
Liberty Asset Group,https://www.libertyassetgroup.com/,manual
Lineage Property Management,https://www.lineagepropertymanagement.net,email-auto
Living Room Property Management,https://www.livingroomre.com,email-domain
LongStreet Property Management,https://longstreetpropertymanagement.com,email-auto
LREI Property Management,https://www.louisvillepropertymanagement.com,email-auto
LREI Property Management LLC,https://www.louisvillepropertymanagement.com,email-domain
Lukeman Property Management,https://www.lukemangroup.com,email-domain
Luxe Sales & Management,https://luxe-pm.com,email-auto
Mackie Properties,https://www.mackierentalproperties.com,email-auto
MacLay Real Estate,https://www.maclayrealestate.com,email-domain
Mainlander Property Management,https://www.mainlander.com,email-domain
Marathon Management,https://www.deanda.capital,email-auto
Marblestone Property Group,https://marblestonepropertygroup.com,verified-search
Marchant Property Management,https://www.marchantpm.com,email-domain
Mark Brower Properties,https://markrent.com,email-auto
Market South Management,https://www.msmsavannah.com,email-auto
Mascot Property Management,https://mascotproperties.com,email-domain
MasterKey Property Management,https://www.masterkeypm.com,email-domain
Maxfield Property Management,https://www.maxfieldrents.com,email-auto
MHT Property Management,https://mhtpropertymanagement.co,verified-search
MiddleTown Property Group LLC,https://www.middletownpg.com,email-auto
Missoula property Management,https://missoulapropertymanagement.com,verified-search
MOD Properties,https://www.modprop.info,email-domain
"Modern Property Management, Inc.",https://www.mpmlex.com,email-auto
Mountain View Property Management,https://www.today4rent.com,email-domain
MoveZen Property Management,https://movezen360.com,email-domain
MS Coast Rentals,https://www.mscoastrentals.com,email-auto
Mutual Management Company,https://mutualmgmtcompany.com,email-domain
NC Rentals 247,https://www.ncrentals247.com,email-domain
Nebraska Lifestyles Property Management,https://lifestylesmanagement.com,email-auto
Neighborhood PM,https://www.neighborhoodpm.com/,verified-search
Nest Finders Property Management,https://www.nestfinders.com,email-domain
Nestwell Property Management,https://nestwell.com,email-domain
"New Age Realty Group, Inc.",https://newagerealtygroup.com,email-auto
Next Brick Property Management,https://www.nextbrick.co,email-auto
Next Generation Property Management,https://www.nextgenpm.net,email-domain
Next Step Realty Management,http://www.boisepropertymanagement.com,email-auto
"Ocean Blue Property Management, Inc",https://www.oceanbluepm.com,email-domain
Ohio Elite Management,https://www.ohioem.com,email-auto
On Q Property Management,https://www.onqpm.com,email-domain
One Source Atlanta Property Management,https://www.onesourceatlanta.com,verified-search
Opal Blue Real Estate,https://www.opalbluere.com,email-auto
Open Door Rentals and Real Estate,https://www.opendoorrandr.com,email-domain
Orange Realty Group,https://www.orglv.com,email-auto
Otter Property Management,https://ottermanagement.com,email-domain
Owens Management Group,https://www.owensmanagementgroup.com,email-auto
Oz Realty,https://ozrealty.house,email-auto
Pacific Shpre Property Management,https://www.pspmla.com,email-domain
Paragon Property Management,https://www.paragonproperty.com,email-auto
Park Property Management Solutions,https://www.goparkpms.com,email-auto
Patriot Property Management,https://www.patpm.com,email-auto
Peak Investment Properties,https://www.peakinvprop.com,email-auto
Peak Property Management,https://www.eliterealtyar.com,email-auto
"Performance Properties, Inc.",https://www.ppirentals.com,email-domain
Performance Property Management,https://ppmdenver.com,email-domain
Piedmont Fine Properties,https://www.pfp.email,email-auto
Pioneer Management Inc,https://www.pioneerpm.com,email-domain
Pioneer Property Management,https://rentmedenver.com,email-auto
PMG Property Management,https://propertymanagementofgreenville.com,email-domain
PMI,https://www.indianapolispropertymanagementinc.net,email-domain
PMI Arrico Realty and PM Lakeland,https://www.arricorealty.com,email-auto
PMI Birdy Properties,https://www.birdy.com,email-auto
"PMI Birdy Properties, CRMC®",https://www.birdy.com,email-domain
PMI Elevation,https://www.denverpropertymanagementinc.net,email-auto
PMI Indianapolis,https://www.indianapolispropertymanagementinc.net,email-auto
PMI Lafayette,https://www.lafayetteinpropertymanagementinc.com,email-auto
PMI MIdwest,https://www.indianapolispropertymanagement.com,email-domain
PMI NWI,https://www.nwipropertymanagementinc.com,email-auto
PMI Potomac,https://www.silverspringpropertymanagementinc.com,email-auto
PMI Reno,https://www.renopropertymanagementinc.com,email-auto
Pointe South,https://pointesouth.com,email-auto
Power Properties,https://www.powerproperties.net,email-domain
Premier Property Management,https://www.premierpropertygj.com,email-auto
Premier Realty Group,https://www.premierrealtylv.com,email-auto
Priority Property Management LLC,https://www.choosepriority.com,email-auto
Pro X Property Management,https://proxproperty.com,email-domain
Progressive Properties of Greenville,https://www.propgreenville.com,email-auto
"Progressive Properties of Greenville, LLC",https://www.propgreenville.com,email-domain
"Progressive Property Management, Inc.",https://www.progressive-pm.com,verified-search
ProperlyCraft Management,https://www.propertycraft.com,email-auto
Pros PM,https://www.prospm.com,email-auto
Prosperkey Property Management,https://www.lettscompanies.com,email-auto
RCMA Properties,https://www.rcmaprop.com,email-auto
Real Property Management Battle Born,https://www.rpmbattleborn.com,email-domain
Real Property Management Blue Chip Valor,https://www.rpmbcvalor.com,email-domain
Real Property Management Capital,https://www.propertymanagementcapital.com,verified-search
Real Property Management Experts,https://www.rpmexperts.com,email-auto
Real Property Management Houston,https://houstonrpm.com,email-domain
Real Property Management Insight,https://www.insightrpm.com,email-auto
Real Property Management of the Triad,https://www.rpmtriad.com,email-domain
Real Property Management Preferred,https://www.htownrpm.com,email-domain
Real Property Management Rental Solutions,https://www.rpmrentalsolutions.com,email-auto
Real Property Management Southland,https://www.rpmsouthland.com,email-auto
Real Property Management Today,https://rpmtoday.com,email-domain
"Real-Trust-Associates, LLC",https://www.getrealtrust.com,email-auto
Realiant,https://www.realiantpm.com,email-domain
Realty Consultants Property Management,https://www.rentrrc.com,email-domain
RealWise Property Management,https://realwise.com,email-domain
Recovery Realty,https://www.recovery-realty.com,verified-search
Red Fortress Property Management Company,https://www.redfortresspropertymanagement.com,email-domain
Red Rooster Property Management,https://redroosterpm.com,email-auto
"Redwood Residential PM, Inc.",https://redwoodrpm.com,email-auto
REI Nation,https://www.reination.com,email-auto
Rely Real Estate,https://www.relyrealestateco.com,email-auto
Rent and Realty FL,https://www.rentandrealtyfl.com,email-auto
Rent Right,https://www.rentrightproperties.com,email-auto
Rent Solutions,https://www.rentsolutions.com,email-auto
Rental Management Guys,https://investmentpropertyanswers.com,email-auto
Rental Revolution,https://www.rentalrevolution.net,email-domain
Renters Place,https://www.rentersplace.com,email-auto
RentSimple,https://rentsimplepm.com,email-auto
RentSource Corporation,https://www.rentsourcecorp.com,email-domain
RENU Property Management,https://renumgt.com,email-auto
Resolute RDM,https://www.resoluterdm.com,email-auto
Revitalize Realty,https://www.revitalizerealty.com,email-auto
"Revitalize Realty, LLC",https://www.revitalizerealty.com,email-domain
Revolution Rental Management,https://www.revolutionrentalmanagement.com,email-auto
Richey Property Management,https://www.richeypm.com,email-auto
Riner Rentals,https://www.rinerrentals.com,email-auto
Rize Property Management,https://rizepropertymanagement.com,email-auto
RL Property Management,https://rlpmg.com,email-domain
RMA (Real Estate Management Associates),https://rmainvesting.com,email-domain
Robert C. White and Company,https://www.robertcwhite.com,email-domain
ROOST Real Estate Co.,https://www.roostrealestateco.com,email-domain
Rosenbaum Realty Group,https://www.rosenbaumrealtygroup.com,email-domain
RPM Pittsburgh,https://www.rpmpittsburgh.com,email-auto
Sail Properties Inc,https://www.sailproperties.com,email-domain
Sapir Realty,https://www.sapirrealty.com,email-auto
"Sapir Realty, LLC",https://www.sapirrealty.com,email-domain
SCUDO Real Estate + Property Management,https://www.scudore.com,email-auto
Sea Coast Rentals,https://www.seacoastrentals.com,email-auto
Shamrock Property Management,https://www.shamrockmgt.com,email-auto
Shannon Property Management,https://shannonpropertymanagement.com,verified-search
Shelter Realty Property Management,https://www.shelterrealty.com,email-auto
Shultis & Worthington Property Management,https://shultisworthington.com,email-auto
Simple Property Management,https://www.thesimplebrands.com,email-auto
Sin City Real Estate and Management LLC,https://www.LasVegas-rentals.com,email-auto
SJA Property Management,https://propertymanagersseattle.com,email-domain
SJC Management Group,https://www.sjcmanagement.com,email-auto
Smart move Property Management,https://www.smartmovepm.com,email-auto
Southwest Equity Partners,https://insightinvestmentpartners.com,email-domain
Spectrum Realty Services,https://spectrumrealtypm.com,email-auto
Spectrum Realty Services LLC,https://spectrumrealtypm.com,email-auto
"Spectrum Realty Services, LLC",https://spectrumrealtypm.com,email-auto
Spinnaker Property Management,https://spinnakerpm.com,email-auto
Springfield Real Estate,https://www.springfieldproperty.management,email-auto
Springfield Real Estate LLC,https://www.springfieldproperty.management,email-domain
Starboard Real Estate,https://starboard.realestate,email-auto
Stegner Property Management,https://www.stegnerrentals.com,email-auto
"Stegner Property Management, LLC",https://www.stegnerrentals.com,email-auto
Stephen Fleming Realty,https://www.dangelore.com,email-auto
Stevens Realty LLC,https://stevensrentals.com,verified-search
Stewardship Management & Realty,https://www.stewardshiprealtyllc.com,email-auto
Stonelink Property Management,https://www.stonelinkpm.com,email-auto
Stratton Vantage Property Management,https://www.strattonvantage.com,email-domain
Sureway Property Management,https://www.surewaypropertymanagement.com,email-auto
Sureway Property Management LLC,https://www.surewaypropertymanagement.com,email-domain
swiss property management group,https://swisspmg.com,email-auto
Synergy Property Management,https://www.synergypropmgmt.com,email-auto
T&H Realty Services Inc,https://www.threaltyinc.com,email-domain
TCT Property Management Services,https://www.tctproperties.com,email-auto
The Arena Group,https://arenagrp.com,email-auto
The Joseph Group,https://www.thejosephgroup.com,email-auto
The Listing Real Estate Management,https://thelistingrem.com,email-auto
The Property Manager AK,https://www.thepropertymanagerak.com,email-auto
The Storage Mall Management Group,https://www.thestoragemall.com,email-domain
"Tiner Properties, Inc.",https://www.tiner.com,email-domain
Titan Property Management,https://www.rentwithtitan.com,email-auto
Titan Property Management LLC,https://www.rentwithtitan.com,email-domain
TJC Real Estate,https://www.tjcrealestate.com,email-auto
Touchstone Property Management,https://touchstonepdx.com,email-domain
Tower Bridge Property Management,https://www.towerbridge.com,email-auto
TPG Management,https://tpgmanagement.net,email-auto
TradeMark Residential,https://trademarkresidential.com,email-auto
Traverse Property Management,https://traversepm.com,email-auto
Trident Management,https://tridentmiami.com,email-domain
True Care Properties,https://www.truecareproperties.com,email-domain
TruHaven Homes,https://www.truhavenhomes.com,email-auto
TruHome Property Solutions,https://www.truhomeproperties.com,email-auto
TurboTenant,https://www.turbotenant.com,email-domain
United Properties of West Michigan,https://www.rentupm.com,email-domain
UNLimited RE,https://unlimitedreaz.com,email-auto
Uplift Property Management,https://upliftpm.com,email-domain
Upper Management Realty,https://www.upperllc.com,email-domain
Urban City,https://urbancitymgt.com,email-auto
urbanLandlord Inc.,https://www.urbanlandlord.net,email-auto
VantagePoint Property Management,https://vantagepointpropertymanagement.com,email-domain
VerraTerra Property Management,https://www.verraterra.com,email-domain
Vintage Real Estate Services,https://www.tampabaypropertymanagement.net,email-auto
Walters & Company Property Management,https://gowalters.com,email-auto
Warrensburg Home Rentals - dba Spirit Rentals Property Management,https://www.rentwithspirit.com,email-domain
Wave Property Management,https://www.wave-property.com,email-auto
Welch Randall Property Management,https://www.welchrandall.com,email-domain
Welcome Home Milwaukee,https://whmilwaukee.com,email-domain
West USA Property Management,https://westusa.com/property-management.html,verified-search
Westrom Group,https://westromgroup.com,email-auto
"Whitehead Rental Management, Inc",https://whiteheadre.com,email-auto
WILMOTH Group,https://www.wilmothgroup.com,email-auto
Windermere Signature Properties,https://www.windermereca.com,email-domain
Windermere Signature Property Management,https://www.windermereca.com,email-domain
Wits Property Management,https://witspropertymanagement.com,email-domain
WJL HomeServices,https://www.waijule.com,email-auto
WJL HomeServices LLC,https://wjlhomeservices.com,verified-search
WrightDavis,https://wrightdavis.com,verified-search
Zeal Property Management,https://www.zealmgmt.com,email-auto
Zenith Properties NW,https://www.zenithpro.com,email-auto
"Zenith Properties NW, LLC",https://www.zenithpro.com,email-domain
